id,first_name,last_name,email,gender,ip_address
1,Allister,Phillipp,aphillipp0@symantec.com,Bigender,94.82.67.72
2,Coral,MacCarter,cmaccarter1@oracle.com,Female,157.195.238.254
3,Suzi,Wile,swile2@bigcartel.com,Agender,2.220.204.162
4,Stefanie,Crownshaw,scrownshaw3@upenn.edu,Male,254.250.173.3
5,Nissy,Calder,ncalder4@mozilla.com,Bigender,151.128.42.28
6,Lucas,Tesauro,ltesauro5@barnesandnoble.com,Genderqueer,243.139.110.185
7,Petronille,Quantrell,pquantrell6@yandex.ru,Bigender,204.224.101.164
8,Gardy,Bakeup,gbakeup7@ca.gov,Genderfluid,39.117.225.7
9,Shirlee,Dibbin,sdibbin8@godaddy.com,Male,200.90.215.121
10,Clementia,De L'Isle,cdelisle9@wordpress.com,Male,240.113.45.237
11,Lucy,Carrington,lcarringtona@wiley.com,Male,96.11.76.117
12,Samuel,Connar,sconnarb@unc.edu,Genderqueer,250.163.209.144
13,Amandy,Bengefield,abengefieldc@ox.ac.uk,Polygender,248.9.140.151
14,Meg,Latus,mlatusd@people.com.cn,Genderqueer,77.49.166.252
15,Hoyt,Ogdahl,hogdahle@hud.gov,Genderqueer,168.91.239.70
16,Jeffry,Tilson,jtilsonf@wiley.com,Non-binary,182.255.125.247
17,Delphine,Dyneley,ddyneleyg@tamu.edu,Agender,50.52.199.28
18,Barrie,Tiffin,btiffinh@w3.org,Genderfluid,14.226.200.90
19,Patrick,Keam,pkeami@acquirethisname.com,Genderqueer,96.177.104.175
20,Tracy,Schout,tschoutj@oracle.com,Bigender,36.3.229.155
21,Maurise,Drains,mdrainsk@diigo.com,Bigender,77.163.63.143
22,Wheeler,Ebbin,webbinl@jigsy.com,Polygender,251.203.107.124
23,Revkah,Pockey,rpockeym@geocities.jp,Female,20.90.176.197
24,Jennifer,Son,jsonn@linkedin.com,Polygender,66.237.227.197
25,Marley,Limeburn,mlimeburno@csmonitor.com,Genderfluid,56.155.63.8
26,Mohandas,Trahearn,mtrahearnp@apple.com,Genderqueer,154.89.23.139
27,Jasmina,Barnardo,jbarnardoq@reddit.com,Genderqueer,61.13.10.179
28,Burnard,Ranshaw,branshawr@telegraph.co.uk,Genderqueer,219.244.140.118
29,Germain,Rhubottom,grhubottoms@dion.ne.jp,Male,105.82.176.159
30,Alleyn,Nathan,anathant@histats.com,Polygender,150.194.18.6
31,Bert,Gethins,bgethinsu@bizjournals.com,Non-binary,224.77.238.1
32,Nikolia,Wytchard,nwytchardv@nytimes.com,Non-binary,0.100.165.165
33,Rachele,Daily,rdailyw@topsy.com,Agender,61.147.185.208
34,Hugh,Aysh,hayshx@thetimes.co.uk,Genderfluid,168.107.122.91
35,Christina,Whorton,cwhortony@vinaora.com,Genderfluid,27.148.196.59
36,Brewer,Font,bfontz@prweb.com,Agender,233.121.110.42
37,Avrit,Lazell,alazell10@virginia.edu,Genderqueer,26.95.69.223
38,Ulises,Cammell,ucammell11@dell.com,Female,117.82.172.14
39,Bellina,Wheadon,bwheadon12@accuweather.com,Polygender,200.118.206.111
40,Adoree,Bindley,abindley13@1und1.de,Polygender,216.11.233.135
41,Aloysius,Breagan,abreagan14@cbc.ca,Non-binary,120.50.196.110
42,Nerty,Chapelle,nchapelle15@wisc.edu,Male,113.168.131.165
43,Joelie,Cavy,jcavy16@lycos.com,Female,143.224.194.121
44,Morse,Mound,mmound17@google.com.br,Genderqueer,128.232.30.16
45,Tobye,Waller,twaller18@unesco.org,Agender,35.61.6.133
46,Sylvan,Ewer,sewer19@thetimes.co.uk,Non-binary,183.147.201.172
47,Zach,Iiannone,ziiannone1a@ow.ly,Genderqueer,110.10.4.177
48,Fancy,Maidlow,fmaidlow1b@free.fr,Genderfluid,209.195.229.57
49,Reta,Huntar,rhuntar1c@jalbum.net,Genderqueer,44.120.220.172
50,Marga,Ivashin,mivashin1d@archive.org,Genderqueer,185.206.51.250
51,Fred,Hellier,fhellier1e@altervista.org,Bigender,17.231.199.217
52,Renelle,Stuther,rstuther1f@cargocollective.com,Genderqueer,194.165.2.80
53,Pat,Laming,plaming1g@bbb.org,Genderqueer,68.159.33.160
54,Krystal,Shirland,kshirland1h@shareasale.com,Polygender,180.253.33.64
55,Fransisco,Mcasparan,fmcasparan1i@friendfeed.com,Agender,59.122.136.186
56,Cthrine,Marie,cmarie1j@w3.org,Male,8.15.134.239
57,Allianora,Douche,adouche1k@unblog.fr,Polygender,222.50.113.253
58,Ring,McMurdo,rmcmurdo1l@phpbb.com,Agender,177.216.114.129
59,Karyn,Ballam,kballam1m@tripod.com,Non-binary,250.79.238.72
60,Reidar,Brettoner,rbrettoner1n@mozilla.org,Non-binary,225.59.252.120
61,Bone,Azam,bazam1o@unesco.org,Non-binary,25.85.31.223
62,Jarret,Allwright,jallwright1p@nsw.gov.au,Non-binary,3.199.162.174
63,Lorna,Hember,lhember1q@dyndns.org,Polygender,207.4.81.105
64,Brant,Fidilis,bfidilis1r@google.com,Non-binary,177.7.65.208
65,Antin,Currin,acurrin1s@live.com,Genderfluid,124.100.141.85
66,Waly,Drivers,wdrivers1t@europa.eu,Polygender,234.169.35.217
67,Edan,Milton-White,emiltonwhite1u@marketwatch.com,Male,84.206.125.91
68,William,Aymer,waymer1v@google.nl,Bigender,231.8.32.93
69,Nicky,Bleas,nbleas1w@theguardian.com,Female,93.254.59.137
70,Susy,Shuker,sshuker1x@e-recht24.de,Non-binary,67.44.35.68
71,Rozamond,Givens,rgivens1y@privacy.gov.au,Bigender,1.94.70.250
72,Moe,Ranken,mranken1z@amazon.de,Bigender,156.182.246.209
73,Melvyn,Stallard,mstallard20@washingtonpost.com,Non-binary,232.89.220.70
74,Natalee,Lytle,nlytle21@ycombinator.com,Polygender,225.199.216.92
75,Gretchen,Kelsey,gkelsey22@cyberchimps.com,Polygender,11.23.147.23
76,Fidel,Cusack,fcusack23@linkedin.com,Genderfluid,171.234.45.201
77,Ethyl,Brame,ebrame24@ask.com,Polygender,1.92.138.178
78,Hildy,Durie,hdurie25@businessinsider.com,Genderfluid,205.247.61.11
79,Kimberli,Densham,kdensham26@com.com,Agender,76.218.108.59
80,Haydon,Murrigans,hmurrigans27@aol.com,Polygender,136.58.49.56
81,Salem,Pringley,springley28@bloomberg.com,Male,98.103.49.74
82,Edik,Birckmann,ebirckmann29@webmd.com,Polygender,86.73.105.4
83,Tasia,Culverhouse,tculverhouse2a@nature.com,Female,20.9.110.149
84,Gilburt,Tison,gtison2b@jalbum.net,Female,91.245.217.222
85,Pieter,Botright,pbotright2c@businessweek.com,Polygender,235.36.113.28
86,Daisy,Jealous,djealous2d@latimes.com,Male,37.106.11.22
87,Mirna,Espinos,mespinos2e@studiopress.com,Genderfluid,100.232.24.132
88,Joanie,Paddy,jpaddy2f@bbb.org,Bigender,95.241.34.91
89,Janka,Ellens,jellens2g@merriam-webster.com,Non-binary,90.214.215.218
90,Pepito,Impy,pimpy2h@taobao.com,Polygender,135.29.66.251
91,Abbie,Forestall,aforestall2i@hhs.gov,Agender,109.18.227.97
92,Niccolo,Vampouille,nvampouille2j@biglobe.ne.jp,Bigender,230.169.206.175
93,Niven,Wraith,nwraith2k@histats.com,Agender,27.39.105.198
94,Gilbertina,Smye,gsmye2l@plala.or.jp,Genderfluid,204.107.42.174
95,Moses,Guile,mguile2m@gnu.org,Non-binary,36.117.177.37
96,Bob,McNern,bmcnern2n@sbwire.com,Bigender,4.222.227.214
97,Sophie,Foulgham,sfoulgham2o@trellian.com,Female,230.181.59.212
98,Hillary,Fullerton,hfullerton2p@nature.com,Agender,157.20.111.18
99,Mahalia,Snassell,msnassell2q@de.vu,Genderqueer,216.250.146.111
100,Eustacia,Sinclair,esinclair2r@hubpages.com,Female,20.36.133.144
101,Alair,Semkins,asemkins2s@yelp.com,Bigender,109.251.20.230
102,Willy,Burgill,wburgill2t@japanpost.jp,Genderfluid,150.243.143.84
103,Terrell,Quinn,tquinn2u@fda.gov,Male,92.121.154.111
104,Pietra,Howsden,phowsden2v@nps.gov,Genderfluid,211.194.147.70
105,Dylan,Blessed,dblessed2w@hatena.ne.jp,Genderfluid,13.228.249.167
106,Asia,Heddon,aheddon2x@jiathis.com,Genderfluid,233.165.198.100
107,Norton,Paragreen,nparagreen2y@mit.edu,Non-binary,246.190.71.254
108,Prisca,Terron,pterron2z@simplemachines.org,Genderqueer,75.255.167.221
109,Murdoch,Malone,mmalone30@yelp.com,Bigender,204.105.54.34
110,Tawnya,Genders,tgenders31@businessweek.com,Male,94.55.254.77
111,Etta,Heintzsch,eheintzsch32@indiegogo.com,Bigender,110.18.45.237
112,Maurene,Lynthal,mlynthal33@dailymotion.com,Genderqueer,207.61.181.2
113,Fayette,Arnot,farnot34@sun.com,Non-binary,61.86.158.67
114,Esdras,Hessing,ehessing35@parallels.com,Non-binary,15.4.187.195
115,Jenny,Viegas,jviegas36@tamu.edu,Female,126.1.172.215
116,Westbrooke,Shorton,wshorton37@who.int,Polygender,162.32.157.74
117,Janine,Timberlake,jtimberlake38@tmall.com,Agender,175.52.185.109
118,Fields,Hebbes,fhebbes39@paginegialle.it,Male,28.29.218.199
119,Elene,Westpfel,ewestpfel3a@slashdot.org,Bigender,28.207.247.92
120,Hillary,Chastel,hchastel3b@bing.com,Agender,223.211.20.237
121,Orren,Petz,opetz3c@prweb.com,Genderfluid,13.116.120.220
122,Tucky,Mound,tmound3d@mashable.com,Male,102.114.151.82
123,Elvira,Rubinowitsch,erubinowitsch3e@chronoengine.com,Male,47.220.16.244
124,Erinn,Rames,erames3f@nba.com,Bigender,98.209.97.34
125,Craggie,Paskin,cpaskin3g@github.com,Genderfluid,210.10.77.113
126,Clarisse,Patroni,cpatroni3h@merriam-webster.com,Genderfluid,100.43.184.27
127,Augustus,Henrys,ahenrys3i@hexun.com,Genderqueer,46.118.151.70
128,Bobbette,Le Count,blecount3j@acquirethisname.com,Genderqueer,70.49.55.165
129,Aldin,Fairn,afairn3k@qq.com,Genderqueer,213.95.59.211
130,Arnold,Winthrop,awinthrop3l@mit.edu,Bigender,70.246.175.233
131,Bailie,Dyter,bdyter3m@arstechnica.com,Bigender,202.198.72.211
132,Oliver,Drewitt,odrewitt3n@usa.gov,Non-binary,46.147.122.82
133,Lydia,Livock,llivock3o@netlog.com,Agender,64.21.163.224
134,Belinda,Kestle,bkestle3p@state.gov,Genderqueer,227.250.57.112
135,Curtis,Normandale,cnormandale3q@t-online.de,Male,10.157.131.142
136,Adrianna,Anderer,aanderer3r@reference.com,Genderfluid,53.40.33.127
137,Dionis,Keller,dkeller3s@i2i.jp,Female,99.51.91.232
138,Allina,Roddan,aroddan3t@gizmodo.com,Genderqueer,112.45.49.148
139,Lila,Filipic,lfilipic3u@timesonline.co.uk,Bigender,68.30.192.178
140,Temple,Pavlenko,tpavlenko3v@umn.edu,Male,145.224.63.217
141,Lisha,Gilhooly,lgilhooly3w@chron.com,Genderfluid,253.42.59.129
142,Gare,Vasilechko,gvasilechko3x@foxnews.com,Male,159.101.57.178
143,Essie,Mavin,emavin3y@goo.gl,Genderfluid,11.168.95.8
144,Terrill,Turfin,tturfin3z@cloudflare.com,Genderfluid,47.100.224.182
145,Roxanne,Outram,routram40@ifeng.com,Agender,26.232.130.210
146,Dionysus,Rounsivall,drounsivall41@gizmodo.com,Agender,137.53.208.252
147,Leonora,Kidstoun,lkidstoun42@prlog.org,Male,65.86.199.53
148,Ambrose,Piper,apiper43@lycos.com,Polygender,164.8.123.200
149,Bradan,Shave,bshave44@prweb.com,Polygender,10.248.185.5
150,Margeaux,Northridge,mnorthridge45@google.com,Non-binary,8.36.179.81
151,Michaeline,Marr,mmarr46@123-reg.co.uk,Non-binary,250.22.62.27
152,Reggy,Sember,rsember47@cdbaby.com,Genderqueer,137.38.155.224
153,Bradan,Wherry,bwherry48@is.gd,Genderfluid,0.99.63.244
154,Olvan,Hernik,ohernik49@amazonaws.com,Agender,197.122.11.217
155,Arty,Nassy,anassy4a@webs.com,Agender,142.233.143.179
156,Lorelei,Flahy,lflahy4b@un.org,Agender,162.104.168.215
157,Nehemiah,Scamadin,nscamadin4c@php.net,Genderqueer,40.37.125.19
158,Nap,Rickards,nrickards4d@tiny.cc,Agender,84.244.195.112
159,Loree,La Wille,llawille4e@lycos.com,Female,210.228.228.236
160,Bastien,Hurran,bhurran4f@google.com.hk,Female,186.163.153.115
161,Savina,McGrale,smcgrale4g@pen.io,Non-binary,200.186.197.195
162,Trev,Cobbing,tcobbing4h@rambler.ru,Genderqueer,77.147.85.149
163,Maryl,Pellett,mpellett4i@google.com.au,Genderqueer,17.233.150.222
164,Eleanora,Effnert,eeffnert4j@miibeian.gov.cn,Genderfluid,86.92.147.154
165,Othella,Renhard,orenhard4k@nyu.edu,Female,126.146.53.202
166,Meredeth,Rooke,mrooke4l@reference.com,Female,47.147.2.86
167,Serene,Nottram,snottram4m@dropbox.com,Female,125.66.243.176
168,Vicky,Favela,vfavela4n@yandex.ru,Non-binary,164.108.13.138
169,Dianemarie,Eck,deck4o@edublogs.org,Female,9.169.54.83
170,Carrissa,Lepope,clepope4p@opera.com,Bigender,9.53.223.109
171,Roosevelt,Webb-Bowen,rwebbbowen4q@php.net,Bigender,35.77.24.202
172,Selia,Ioannidis,sioannidis4r@tripod.com,Female,221.16.161.69
173,Dannye,Flippelli,dflippelli4s@diigo.com,Genderqueer,174.159.169.185
174,Janenna,Fandrey,jfandrey4t@reverbnation.com,Genderfluid,116.14.123.143
175,Gardy,Goodbody,ggoodbody4u@sina.com.cn,Agender,141.79.99.199
176,Anastassia,Chell,achell4v@cbc.ca,Non-binary,2.163.167.134
177,Joeann,Chasney,jchasney4w@nymag.com,Non-binary,40.169.245.43
178,Davey,Abberley,dabberley4x@lulu.com,Genderfluid,129.54.74.85
179,Suzanne,Skirving,sskirving4y@twitter.com,Male,30.191.12.101
180,Torin,Bindin,tbindin4z@bandcamp.com,Genderqueer,189.9.42.173
181,Helga,Ring,hring50@drupal.org,Polygender,133.181.145.233
182,Kaleena,Dillon,kdillon51@angelfire.com,Female,20.152.75.69
183,Benjamen,Flores,bflores52@amazon.co.jp,Male,116.114.70.23
184,Bethanne,Starsmeare,bstarsmeare53@yellowbook.com,Polygender,217.49.36.95
185,Osbert,Pietrusiak,opietrusiak54@imdb.com,Male,242.14.166.180
186,Odette,Blackader,oblackader55@ustream.tv,Genderqueer,148.46.133.74
187,Ruthie,Hasard,rhasard56@wired.com,Polygender,113.50.25.77
188,Joelynn,Bullent,jbullent57@slashdot.org,Male,1.227.199.105
189,Menard,Zisneros,mzisneros58@hexun.com,Non-binary,73.205.101.116
190,Jewel,Pavolini,jpavolini59@huffingtonpost.com,Agender,27.4.231.66
191,Constancy,Gladebeck,cgladebeck5a@forbes.com,Female,164.38.14.196
192,Reggie,Saltsberg,rsaltsberg5b@ucoz.com,Bigender,147.232.143.139
193,Kamila,Philip,kphilip5c@biblegateway.com,Bigender,101.198.60.72
194,Ailene,Bartolommeo,abartolommeo5d@indiegogo.com,Polygender,165.13.157.132
195,Daniela,Steeples,dsteeples5e@csmonitor.com,Bigender,117.99.73.176
196,Rouvin,Kenner,rkenner5f@twitter.com,Genderfluid,185.56.219.156
197,Palmer,Balaam,pbalaam5g@walmart.com,Male,110.179.53.239
198,Emiline,Bleakman,ebleakman5h@army.mil,Polygender,140.37.105.71
199,Ermin,Morter,emorter5i@nbcnews.com,Genderfluid,49.167.207.23
200,Phineas,Skahill,pskahill5j@prlog.org,Genderqueer,234.13.108.226
201,Saidee,Jager,sjager5k@homestead.com,Polygender,11.249.159.114
202,Amos,Baldocci,abaldocci5l@fotki.com,Genderqueer,181.67.201.1
203,Agretha,Scholte,ascholte5m@utexas.edu,Male,166.161.67.185
204,Emalee,Ferrieres,eferrieres5n@usda.gov,Non-binary,168.22.234.233
205,Goober,Ikringill,gikringill5o@reference.com,Agender,248.45.59.145
206,Natty,Bate,nbate5p@huffingtonpost.com,Non-binary,103.86.20.200
207,Titus,Pratton,tpratton5q@unc.edu,Polygender,76.91.192.83
208,Joelly,Morrel,jmorrel5r@netscape.com,Agender,199.202.239.157
209,Jenny,Ferretti,jferretti5s@nih.gov,Genderqueer,101.206.17.131
210,Odessa,Larmor,olarmor5t@pen.io,Genderqueer,1.190.206.125
211,Erin,Petigrew,epetigrew5u@google.ru,Agender,219.229.134.126
212,Morganica,Copcutt,mcopcutt5v@utexas.edu,Male,149.7.72.179
213,Alyssa,Halfacree,ahalfacree5w@gov.uk,Genderqueer,55.17.56.71
214,Linnea,Rutigliano,lrutigliano5x@admin.ch,Non-binary,206.113.18.84
215,Jessi,Edbrooke,jedbrooke5y@imdb.com,Polygender,255.5.208.8
216,Hermie,Stolberg,hstolberg5z@yahoo.com,Female,88.18.50.202
217,Matteo,McDade,mmcdade60@reference.com,Male,109.51.235.58
218,Taffy,Brandle,tbrandle61@elegantthemes.com,Female,244.69.128.130
219,Angelle,Matuszak,amatuszak62@altervista.org,Non-binary,116.200.10.0
220,Davie,Hestrop,dhestrop63@ask.com,Genderfluid,104.153.245.42
221,Jo,Scheu,jscheu64@bbb.org,Male,60.28.76.61
222,Lucille,Lembrick,llembrick65@shareasale.com,Polygender,32.59.184.66
223,Darsey,Flasby,dflasby66@yelp.com,Non-binary,120.102.221.137
224,Isabelle,Dallimore,idallimore67@msu.edu,Non-binary,1.68.186.70
225,Lanae,Bertelsen,lbertelsen68@oaic.gov.au,Female,86.118.151.12
226,Antonius,Humpherson,ahumpherson69@vinaora.com,Genderfluid,151.0.249.214
227,Red,Glowacki,rglowacki6a@ted.com,Female,253.96.10.121
228,Sascha,People,speople6b@ca.gov,Bigender,27.57.217.223
229,Gillian,Doodson,gdoodson6c@zdnet.com,Male,114.29.232.210
230,Breanne,Soares,bsoares6d@shareasale.com,Agender,69.49.189.216
231,Camile,Lyosik,clyosik6e@meetup.com,Male,194.232.50.214
232,Dorella,Uvedale,duvedale6f@github.com,Female,195.231.128.222
233,Bunni,Siddell,bsiddell6g@xinhuanet.com,Genderqueer,175.179.173.53
234,Nicolea,De Lorenzo,ndelorenzo6h@mit.edu,Genderqueer,98.207.13.159
235,Clemmy,Sudworth,csudworth6i@imdb.com,Female,191.203.141.111
236,Agata,Denge,adenge6j@biblegateway.com,Agender,2.5.221.18
237,Lydia,Rosenqvist,lrosenqvist6k@artisteer.com,Polygender,195.185.38.127
238,Goran,Tibbs,gtibbs6l@printfriendly.com,Non-binary,2.99.149.43
239,Durant,Blomfield,dblomfield6m@a8.net,Genderqueer,230.213.186.23
240,Robbie,Zuker,rzuker6n@cdc.gov,Genderqueer,74.64.51.253
241,Blancha,Gutridge,bgutridge6o@time.com,Male,161.14.105.100
242,Goober,Ugo,gugo6p@phoca.cz,Polygender,138.45.162.38
243,Halie,Flarity,hflarity6q@arizona.edu,Bigender,188.44.228.59
244,Amelina,O'Driscole,aodriscole6r@yale.edu,Genderfluid,222.25.146.96
245,Mercy,Berisford,mberisford6s@cornell.edu,Genderfluid,237.9.67.134
246,Jacklin,Worthy,jworthy6t@hp.com,Polygender,89.211.94.38
247,Bevan,Temlett,btemlett6u@ustream.tv,Female,222.138.46.247
248,Aretha,Hagland,ahagland6v@domainmarket.com,Genderqueer,132.102.29.115
249,Marina,Stockow,mstockow6w@yahoo.co.jp,Genderqueer,132.85.184.93
250,Olia,Shellibeer,oshellibeer6x@flickr.com,Polygender,16.129.194.233
251,Imogene,Hansard,ihansard6y@people.com.cn,Non-binary,190.119.9.125
252,Blinny,Mattityahou,bmattityahou6z@thetimes.co.uk,Female,112.122.2.234
253,Aube,Dieton,adieton70@liveinternet.ru,Female,87.106.26.91
254,Sayre,Mayhou,smayhou71@miibeian.gov.cn,Genderqueer,88.175.79.0
255,Josselyn,Jameson,jjameson72@1und1.de,Bigender,43.4.36.217
256,Freemon,Sweedy,fsweedy73@irs.gov,Agender,86.209.163.179
257,Katerine,Clamo,kclamo74@stanford.edu,Genderqueer,153.55.185.147
258,Granny,Bisp,gbisp75@indiatimes.com,Genderfluid,6.127.32.138
259,Hamlen,Linneman,hlinneman76@bloglovin.com,Male,113.132.10.216
260,Dilly,Marsden,dmarsden77@goo.gl,Agender,252.133.4.49
261,Joellen,Boldry,jboldry78@boston.com,Male,45.217.105.67
262,Farrah,Epton,fepton79@odnoklassniki.ru,Bigender,144.140.21.252
263,Merill,Rooper,mrooper7a@webs.com,Male,52.154.78.0
264,Amelie,Gentner,agentner7b@wix.com,Genderqueer,61.119.42.186
265,Sheffie,Presnail,spresnail7c@amazonaws.com,Genderfluid,81.37.97.17
266,Quint,Geerdts,qgeerdts7d@dion.ne.jp,Genderfluid,227.85.49.130
267,Ashlen,Ranvoise,aranvoise7e@weibo.com,Female,231.28.128.92
268,Allyson,Buckett,abuckett7f@flickr.com,Genderfluid,66.207.97.180
269,Danita,Dayborne,ddayborne7g@fotki.com,Bigender,83.69.136.113
270,Della,Pococke,dpococke7h@dmoz.org,Male,115.76.162.29
271,Emelita,Nears,enears7i@fema.gov,Male,67.116.30.37
272,Leena,Zipsell,lzipsell7j@wunderground.com,Genderfluid,149.158.141.255
273,Erny,Engelbrecht,eengelbrecht7k@soup.io,Female,235.158.213.92
274,Becca,Mansuer,bmansuer7l@meetup.com,Male,117.178.50.42
275,Berkie,Warrington,bwarrington7m@google.nl,Male,82.240.101.212
276,Ariana,McIleen,amcileen7n@amazon.co.jp,Genderqueer,41.103.220.148
277,Dita,Delgado,ddelgado7o@digg.com,Genderqueer,109.147.184.143
278,Lenard,Zorro,lzorro7p@examiner.com,Female,54.51.83.107
279,Marlon,Litterick,mlitterick7q@ezinearticles.com,Bigender,193.121.77.37
280,Fawne,Habens,fhabens7r@techcrunch.com,Genderfluid,101.208.186.47
281,Calida,Denyer,cdenyer7s@eventbrite.com,Genderqueer,170.114.153.64
282,Emma,Larvin,elarvin7t@ft.com,Genderqueer,173.46.15.24
283,Marcel,Ferriman,mferriman7u@hc360.com,Agender,131.26.68.36
284,Dario,Collar,dcollar7v@webeden.co.uk,Genderqueer,152.7.113.163
285,Trip,Pandya,tpandya7w@eventbrite.com,Genderqueer,218.203.15.210
286,Saundra,Bellson,sbellson7x@microsoft.com,Genderqueer,10.240.226.17
287,Gunter,Guirau,gguirau7y@cpanel.net,Bigender,26.129.104.6
288,Suzette,Eadmead,seadmead7z@pagesperso-orange.fr,Genderfluid,238.38.217.38
289,Daryl,Betton,dbetton80@clickbank.net,Genderqueer,26.145.134.212
290,Norman,Kyles,nkyles81@t.co,Bigender,3.188.244.180
291,Bengt,Stockin,bstockin82@netscape.com,Bigender,229.131.97.242
292,Martin,Confort,mconfort83@google.com.au,Genderqueer,12.5.13.73
293,Alta,Leversuch,aleversuch84@yellowpages.com,Genderfluid,31.209.206.141
294,Cyb,Kubanek,ckubanek85@webeden.co.uk,Bigender,28.4.116.119
295,Dotty,Mablestone,dmablestone86@nytimes.com,Female,154.97.62.18
296,Vale,Garrelts,vgarrelts87@mapquest.com,Genderfluid,95.144.74.51
297,Maible,Somes,msomes88@accuweather.com,Non-binary,53.157.93.30
298,Sibeal,Bredee,sbredee89@e-recht24.de,Bigender,239.170.72.120
299,Betteann,Klammt,bklammt8a@gnu.org,Non-binary,42.22.216.148
300,Lucian,Godbolt,lgodbolt8b@printfriendly.com,Genderfluid,63.41.95.70
301,Beau,Merriman,bmerriman8c@nature.com,Male,173.247.20.207
302,Tonya,Dutnall,tdutnall8d@usnews.com,Agender,142.148.220.81
303,Frankie,Crippin,fcrippin8e@feedburner.com,Bigender,119.33.184.23
304,Maridel,Huffer,mhuffer8f@simplemachines.org,Female,143.207.157.108
305,Denyse,Rogge,drogge8g@businessinsider.com,Male,45.190.231.46
306,Peggie,Lempke,plempke8h@miitbeian.gov.cn,Female,10.239.56.107
307,Rickard,Giraudou,rgiraudou8i@google.nl,Bigender,77.51.128.15
308,Merline,Benesevich,mbenesevich8j@bbc.co.uk,Non-binary,0.68.13.10
309,Vivyan,McGirl,vmcgirl8k@printfriendly.com,Bigender,141.236.12.78
310,Ransom,Shrimplin,rshrimplin8l@elpais.com,Bigender,40.100.176.245
311,Lissie,Ulyet,lulyet8m@g.co,Genderfluid,11.100.184.12
312,Domenic,Vannar,dvannar8n@example.com,Bigender,240.237.112.255
313,Merline,Fishley,mfishley8o@hexun.com,Polygender,189.99.207.135
314,Lorrie,Aspenlon,laspenlon8p@msu.edu,Agender,88.143.141.178
315,Almira,Astbery,aastbery8q@ft.com,Male,117.61.136.254
316,Hazlett,Ginnelly,hginnelly8r@pen.io,Bigender,5.109.142.122
317,Zebulen,Farnaby,zfarnaby8s@google.co.uk,Bigender,92.106.149.231
318,Inglis,Pena,ipena8t@instagram.com,Genderqueer,99.95.115.83
319,Chiquia,Lomansey,clomansey8u@cafepress.com,Polygender,225.189.101.130
320,Cirstoforo,Fosten,cfosten8v@deliciousdays.com,Genderfluid,40.227.74.49
321,Barbra,Cusworth,bcusworth8w@merriam-webster.com,Genderfluid,210.153.24.220
322,Giordano,Panketh,gpanketh8x@hc360.com,Male,74.134.226.26
323,Stewart,Veevers,sveevers8y@npr.org,Genderfluid,178.57.33.189
324,Nari,Limbert,nlimbert8z@whitehouse.gov,Polygender,158.174.148.25
325,Mitch,Welfair,mwelfair90@vimeo.com,Genderfluid,188.140.228.83
326,Araldo,Bramsen,abramsen91@businesswire.com,Agender,155.84.58.231
327,Rabbi,Easseby,reasseby92@is.gd,Male,56.137.138.144
328,Vanna,Ovey,vovey93@google.ru,Female,98.204.48.107
329,Nonie,Loveitt,nloveitt94@prlog.org,Polygender,245.253.87.238
330,Clarey,Blacklawe,cblacklawe95@ucoz.com,Agender,23.14.123.70
331,Morly,Strain,mstrain96@boston.com,Non-binary,110.9.106.85
332,Rey,Brisbane,rbrisbane97@moonfruit.com,Genderqueer,225.106.32.241
333,Clark,Jeanenet,cjeanenet98@delicious.com,Genderfluid,54.26.224.246
334,Malena,Woof,mwoof99@prlog.org,Genderfluid,104.234.167.60
335,Chev,Havard,chavard9a@symantec.com,Genderfluid,113.33.110.55
336,Lydia,Harrigan,lharrigan9b@exblog.jp,Male,174.4.30.191
337,Maurise,Lowater,mlowater9c@free.fr,Polygender,99.128.146.46
338,Garwood,Bevens,gbevens9d@geocities.jp,Female,50.2.215.79
339,Merry,Dunleavy,mdunleavy9e@bizjournals.com,Polygender,75.166.146.46
340,Iver,Byre,ibyre9f@cbsnews.com,Bigender,147.141.87.72
341,Maurita,Askem,maskem9g@lycos.com,Female,107.204.227.77
342,Frankie,Meller,fmeller9h@wufoo.com,Genderfluid,30.76.236.6
343,Sharleen,Wyman,swyman9i@purevolume.com,Agender,169.109.88.85
344,Eddy,Bennet,ebennet9j@jiathis.com,Male,255.248.117.229
345,Tine,Beek,tbeek9k@yellowpages.com,Male,21.25.247.145
346,Saunders,Standring,sstandring9l@github.com,Polygender,232.214.206.71
347,Tybie,Forrestill,tforrestill9m@yellowbook.com,Male,21.152.46.186
348,Henrieta,Beniesh,hbeniesh9n@mail.ru,Polygender,135.37.55.236
349,Ortensia,Avramovitz,oavramovitz9o@wix.com,Genderqueer,187.34.242.24
350,Shannen,Simchenko,ssimchenko9p@springer.com,Agender,183.193.40.228
351,Essa,Guest,eguest9q@alibaba.com,Agender,113.128.184.216
352,Lelah,Glaister,lglaister9r@sfgate.com,Agender,143.73.37.247
353,Ingeberg,Patience,ipatience9s@kickstarter.com,Non-binary,132.182.217.13
354,Derek,Beels,dbeels9t@census.gov,Agender,197.239.249.64
355,Rafaelita,Ricciardelli,rricciardelli9u@nationalgeographic.com,Polygender,168.224.185.90
356,Hewitt,de Guerre,hdeguerre9v@cam.ac.uk,Polygender,108.32.46.91
357,Ellerey,Geekin,egeekin9w@dailymotion.com,Polygender,20.179.47.240
358,Marline,Ayers,mayers9x@google.com,Male,251.81.224.32
359,Sarita,Gisbey,sgisbey9y@blinklist.com,Genderqueer,162.114.116.104
360,Elton,Walsham,ewalsham9z@imdb.com,Non-binary,176.70.220.254
361,Anastassia,Traynor,atraynora0@reuters.com,Female,28.53.115.137
362,Bertie,Hember,bhembera1@technorati.com,Female,64.24.118.81
363,Denis,Shaughnessy,dshaughnessya2@hao123.com,Female,20.157.103.10
364,Hakim,O'Henehan,hohenehana3@nature.com,Agender,237.112.134.124
365,Claiborn,Sulman,csulmana4@kickstarter.com,Female,252.80.192.225
366,Randell,Castri,rcastria5@noaa.gov,Genderqueer,121.240.214.226
367,Benoit,Firsby,bfirsbya6@telegraph.co.uk,Non-binary,6.152.184.149
368,Arie,Gunningham,agunninghama7@shop-pro.jp,Genderfluid,97.52.185.78
369,Ronny,Casina,rcasinaa8@edublogs.org,Bigender,58.110.86.74
370,Garret,Widmoor,gwidmoora9@hao123.com,Genderqueer,116.74.216.19
371,Torie,Mullett,tmullettaa@macromedia.com,Genderfluid,4.142.90.231
372,Reine,Newbatt,rnewbattab@dedecms.com,Polygender,47.228.245.197
373,Margret,Chrichton,mchrichtonac@intel.com,Non-binary,199.183.191.134
374,Seymour,Saunier,ssaunierad@yolasite.com,Genderfluid,89.39.198.249
375,Steve,O'Crigane,socriganeae@networkadvertising.org,Female,109.69.143.204
376,Alfie,Elph,aelphaf@hud.gov,Bigender,253.7.113.128
377,Gavin,Knatt,gknattag@123-reg.co.uk,Genderqueer,39.39.220.56
378,Gasper,Tythe,gtytheah@weibo.com,Female,199.57.121.225
379,Jilly,Bigley,jbigleyai@msn.com,Female,115.43.76.74
380,Bellanca,Merle,bmerleaj@dmoz.org,Polygender,206.176.231.195
381,Avril,Finlater,afinlaterak@addthis.com,Genderfluid,5.69.49.33
382,Findlay,Gauford,fgaufordal@t.co,Male,97.207.37.101
383,Cher,Roostan,croostanam@ustream.tv,Bigender,86.16.8.150
384,Berkly,Lehrer,blehreran@flavors.me,Male,28.120.133.82
385,Olympia,Tear,otearao@sohu.com,Bigender,118.106.203.84
386,Nap,Upshall,nupshallap@ezinearticles.com,Female,68.166.165.45
387,Iolande,Bariball,ibariballaq@oracle.com,Bigender,20.43.69.227
388,Ximenez,Jenking,xjenkingar@amazon.co.uk,Polygender,68.69.168.32
389,Elisha,Garlette,egarletteas@goodreads.com,Bigender,77.4.128.43
390,Gustavus,Olle,golleat@eventbrite.com,Female,45.251.43.193
391,Willetta,Loudyan,wloudyanau@live.com,Genderqueer,141.91.47.115
392,Hulda,Sydall,hsydallav@adobe.com,Bigender,113.191.46.162
393,Doralynn,Tregear,dtregearaw@mozilla.org,Genderqueer,151.66.216.209
394,Fritz,Benoist,fbenoistax@scientificamerican.com,Polygender,186.248.190.42
395,Olivette,Cherrett,ocherrettay@dagondesign.com,Agender,6.218.218.2
396,Boonie,Menco,bmencoaz@nytimes.com,Agender,243.243.209.254
397,Gisella,Buddock,gbuddockb0@facebook.com,Female,176.55.104.73
398,Kelwin,Lucien,klucienb1@ameblo.jp,Genderqueer,219.31.38.237
399,Efren,Demchen,edemchenb2@theglobeandmail.com,Non-binary,162.233.122.167
400,Halette,Yetton,hyettonb3@microsoft.com,Polygender,199.149.99.107
401,Christabella,Reyburn,creyburnb4@who.int,Bigender,39.229.157.133
402,Ulrich,Scalera,uscalerab5@aboutads.info,Polygender,233.125.133.179
403,Bria,Perrott,bperrottb6@opera.com,Agender,161.128.172.164
404,Nicki,Hariot,nhariotb7@bloglines.com,Male,143.67.251.53
405,Ancell,Trafford,atraffordb8@amazon.co.uk,Genderfluid,249.229.122.160
406,Manuel,Ffrench,mffrenchb9@twitter.com,Genderqueer,26.43.129.102
407,Logan,Ankers,lankersba@ibm.com,Non-binary,47.109.210.73
408,Jethro,Rowston,jrowstonbb@nationalgeographic.com,Non-binary,54.188.144.237
409,Amil,Reay,areaybc@nyu.edu,Genderfluid,132.6.99.178
410,Bernardina,Crowch,bcrowchbd@free.fr,Non-binary,53.220.175.165
411,Bailey,Ayers,bayersbe@slideshare.net,Genderqueer,14.196.183.18
412,Giustino,Shobbrook,gshobbrookbf@issuu.com,Bigender,128.110.219.238
413,Archibaldo,Pinnegar,apinnegarbg@ucla.edu,Non-binary,102.125.204.139
414,Melany,Whaley,mwhaleybh@ow.ly,Bigender,77.226.153.110
415,Jennine,Casham,jcashambi@noaa.gov,Agender,27.194.40.219
416,Base,Beddis,bbeddisbj@bbb.org,Genderfluid,128.231.79.20
417,Lois,Febvre,lfebvrebk@xinhuanet.com,Genderqueer,31.111.201.16
418,Stephi,Upstone,supstonebl@blog.com,Polygender,86.86.217.138
419,Aymer,Peek,apeekbm@ehow.com,Female,93.28.43.211
420,Madelle,Gonsalvo,mgonsalvobn@multiply.com,Polygender,108.241.57.161
421,Foster,Headland,fheadlandbo@flavors.me,Genderqueer,29.27.238.132
422,Boris,Matyugin,bmatyuginbp@xing.com,Bigender,239.199.228.43
423,Reiko,Kedge,rkedgebq@arstechnica.com,Polygender,191.210.1.5
424,Brenda,Jacquemy,bjacquemybr@123-reg.co.uk,Non-binary,29.48.141.55
425,Winona,Ledwith,wledwithbs@multiply.com,Bigender,156.98.28.33
426,Toby,Swanger,tswangerbt@wp.com,Non-binary,79.219.1.137
427,Cedric,Beere,cbeerebu@networksolutions.com,Female,49.171.52.84
428,Kacy,Waye,kwayebv@intel.com,Male,214.171.67.15
429,Herbert,Lucio,hluciobw@admin.ch,Genderqueer,131.95.35.228
430,Alexei,De Carolis,adecarolisbx@wordpress.org,Agender,156.228.213.65
431,Dacy,Hurtado,dhurtadoby@yolasite.com,Genderfluid,49.222.44.138
432,Minny,Speller,mspellerbz@mlb.com,Genderfluid,181.183.67.114
433,Tades,Patters,tpattersc0@biglobe.ne.jp,Genderqueer,219.222.167.255
434,Emelita,Bolesworth,ebolesworthc1@arizona.edu,Genderfluid,172.53.203.117
435,Kimberlee,Sey,kseyc2@cdbaby.com,Male,5.137.220.94
436,Gail,Behan,gbehanc3@uol.com.br,Female,91.21.49.180
437,Ganny,MacCartney,gmaccartneyc4@163.com,Genderqueer,193.15.120.170
438,Iorgos,Jirick,ijirickc5@canalblog.com,Female,116.46.152.150
439,Suzette,Etienne,setiennec6@webmd.com,Polygender,118.206.236.212
440,Catherine,Wycliff,cwycliffc7@digg.com,Female,156.48.245.237
441,Kelci,Iacovini,kiacovinic8@cpanel.net,Polygender,66.33.213.121
442,Euphemia,Skipper,eskipperc9@ameblo.jp,Genderfluid,24.209.25.8
443,Debbi,Linggard,dlinggardca@icq.com,Male,42.223.250.250
444,Jean,Hamblyn,jhamblyncb@dailymail.co.uk,Female,119.46.107.25
445,Vicki,Petruskevich,vpetruskevichcc@wikimedia.org,Non-binary,206.42.39.170
446,Christen,Beecraft,cbeecraftcd@1und1.de,Bigender,48.110.86.20
447,Fidole,Dunnan,fdunnance@tripadvisor.com,Non-binary,130.69.13.76
448,Ruthy,Brackley,rbrackleycf@vistaprint.com,Female,37.158.169.31
449,Benedetto,McTrustam,bmctrustamcg@huffingtonpost.com,Male,95.176.69.112
450,Catherina,Tawse,ctawsech@blogspot.com,Polygender,137.223.7.231
451,D'arcy,Kobsch,dkobschci@123-reg.co.uk,Female,61.172.149.235
452,Shepherd,Trodd,stroddcj@harvard.edu,Bigender,241.196.250.247
453,Carlyle,Kubicka,ckubickack@tamu.edu,Genderqueer,105.222.77.4
454,Anthea,Lux,aluxcl@ow.ly,Female,244.160.192.142
455,Fredericka,Ede,fedecm@senate.gov,Agender,244.231.237.26
456,Roxana,Wreiford,rwreifordcn@canalblog.com,Polygender,217.203.238.198
457,Ashly,Karle,akarleco@wufoo.com,Non-binary,137.39.14.30
458,Gladi,Cordoba,gcordobacp@imageshack.us,Polygender,246.232.200.32
459,Nalani,Hamblen,nhamblencq@utexas.edu,Female,134.221.155.224
460,Zonda,Giotto,zgiottocr@hao123.com,Male,148.123.73.133
461,Pamella,Scoggan,pscoggancs@nbcnews.com,Non-binary,62.160.109.62
462,Kellen,Lammertz,klammertzct@acquirethisname.com,Agender,41.159.95.77
463,Tad,Daverin,tdaverincu@nhs.uk,Genderfluid,180.5.27.53
464,Gay,Plumridge,gplumridgecv@amazonaws.com,Non-binary,228.11.164.109
465,Rosalinda,McRuvie,rmcruviecw@senate.gov,Polygender,88.194.202.33
466,Kinsley,Breyt,kbreytcx@home.pl,Bigender,125.160.36.204
467,Evonne,Noriega,enoriegacy@delicious.com,Male,119.46.24.41
468,Tremain,Moncreiffe,tmoncreiffecz@imdb.com,Genderfluid,236.11.67.23
469,Jabez,Locker,jlockerd0@ebay.com,Male,167.13.25.116
470,Helaina,Ribey,hribeyd1@deviantart.com,Agender,2.16.164.240
471,Ferdy,Jedrychowski,fjedrychowskid2@prweb.com,Non-binary,199.76.46.162
472,Cassandry,Kopelman,ckopelmand3@lulu.com,Agender,9.171.168.141
473,Laurel,Bunhill,lbunhilld4@tuttocitta.it,Bigender,33.7.78.89
474,Vivian,Loidl,vloidld5@mozilla.org,Polygender,61.99.196.188
475,Neilla,Adamo,nadamod6@technorati.com,Male,117.214.10.180
476,Raquela,Gettone,rgettoned7@ehow.com,Male,116.206.37.14
477,Agata,Corriea,acorriead8@wikispaces.com,Non-binary,232.34.110.70
478,Boonie,Kernell,bkernelld9@state.gov,Polygender,186.79.10.152
479,Heidie,Pobjoy,hpobjoyda@behance.net,Female,172.164.192.14
480,Arron,Van Son,avansondb@vkontakte.ru,Genderfluid,231.199.156.103
481,Simonette,Armfirld,sarmfirlddc@apache.org,Genderqueer,251.45.43.56
482,Gilberte,Fargie,gfargiedd@51.la,Female,224.137.113.239
483,Karlis,Yuryshev,kyuryshevde@hugedomains.com,Genderqueer,81.21.43.104
484,Gerik,Ajsik,gajsikdf@plala.or.jp,Polygender,169.75.241.156
485,Ester,Parradice,eparradicedg@tuttocitta.it,Male,78.198.124.136
486,Roscoe,Shireff,rshireffdh@pcworld.com,Genderqueer,254.16.54.133
487,Obediah,McReynolds,omcreynoldsdi@ft.com,Female,83.168.120.123
488,Ronnie,Prestidge,rprestidgedj@php.net,Genderqueer,105.243.157.187
489,Cary,Fisk,cfiskdk@bravesites.com,Genderfluid,235.254.193.188
490,Darn,Tathacott,dtathacottdl@a8.net,Non-binary,60.226.42.136
491,Vikki,Chappel,vchappeldm@berkeley.edu,Non-binary,152.154.143.9
492,Theobald,Lappin,tlappindn@netscape.com,Genderfluid,30.51.157.172
493,Kerwin,Mapam,kmapamdo@spiegel.de,Non-binary,178.13.192.134
494,Diahann,Ross,drossdp@cnn.com,Genderqueer,155.41.52.57
495,Lauraine,Fermer,lfermerdq@netvibes.com,Genderfluid,142.222.119.134
496,Norby,McNeillie,nmcneilliedr@guardian.co.uk,Genderfluid,44.74.136.28
497,Alicia,Bowne,abowneds@theatlantic.com,Male,130.72.145.180
498,Morgan,Van der Kruis,mvanderkruisdt@blinklist.com,Non-binary,78.44.114.3
499,Jodi,Boggas,jboggasdu@mlb.com,Genderfluid,27.212.250.35
500,Hagen,Bulcock,hbulcockdv@gizmodo.com,Polygender,125.164.77.227
501,Merill,Brumby,mbrumbydw@examiner.com,Non-binary,97.47.46.46
502,Saw,Turri,sturridx@flavors.me,Male,32.255.122.191
503,Aurore,Langlois,alangloisdy@livejournal.com,Non-binary,9.103.39.226
504,Eb,Vears,evearsdz@wiley.com,Genderqueer,180.200.196.99
505,Melli,LeEstut,mleestute0@nature.com,Polygender,42.24.224.224
506,Martin,Dosdell,mdosdelle1@microsoft.com,Bigender,33.236.41.19
507,Reinwald,Corsan,rcorsane2@smugmug.com,Non-binary,132.150.169.210
508,Victor,Nolder,vnoldere3@desdev.cn,Polygender,175.251.163.240
509,Bebe,Coton,bcotone4@fastcompany.com,Genderqueer,1.219.79.253
510,Cletis,Fardy,cfardye5@last.fm,Agender,48.0.85.103
511,Tammi,Howel,thowele6@craigslist.org,Male,252.136.70.144
512,Cy,Ziemecki,cziemeckie7@google.ca,Genderqueer,96.110.115.92
513,Barris,Treagus,btreaguse8@abc.net.au,Polygender,122.191.208.225
514,Osbert,Garvin,ogarvine9@patch.com,Polygender,224.177.69.17
515,Karl,Goodale,kgoodaleea@hatena.ne.jp,Male,109.246.81.141
516,Shaughn,Josowitz,sjosowitzeb@jigsy.com,Agender,208.53.203.101
517,Sadella,Catchpole,scatchpoleec@bizjournals.com,Genderfluid,144.238.56.205
518,Enrique,Drinkel,edrinkeled@slate.com,Male,63.104.125.99
519,Melodie,Mathys,mmathysee@hud.gov,Bigender,18.218.8.87
520,Fields,Seddon,fseddonef@ehow.com,Male,162.181.201.21
521,Jard,Scutcheon,jscutcheoneg@livejournal.com,Male,7.81.184.44
522,Nalani,Wreford,nwrefordeh@cam.ac.uk,Agender,0.211.24.28
523,Charo,Peak,cpeakei@smugmug.com,Genderqueer,146.248.120.48
524,Wakefield,Magee,wmageeej@salon.com,Agender,85.134.64.188
525,Chase,Camellini,ccamelliniek@odnoklassniki.ru,Male,79.160.114.149
526,Alexandrina,Raunds,araundsel@ocn.ne.jp,Bigender,192.121.41.75
527,Earl,Clapperton,eclappertonem@tumblr.com,Male,63.125.91.208
528,Danell,Piatek,dpiateken@examiner.com,Male,32.68.191.188
529,Griffy,Girardot,ggirardoteo@w3.org,Bigender,204.134.187.47
530,Minne,Cochrane,mcochraneep@vinaora.com,Bigender,92.140.151.250
531,Carolann,Jennery,cjenneryeq@indiatimes.com,Male,56.202.142.217
532,Gail,Magor,gmagorer@sina.com.cn,Female,142.241.255.175
533,Jewelle,Veeler,jveeleres@histats.com,Agender,166.51.79.189
534,Cornie,Burgoin,cburgoinet@seattletimes.com,Bigender,56.134.196.201
535,Kermit,Miguet,kmigueteu@indiatimes.com,Female,252.37.100.48
536,Eleanore,Ossipenko,eossipenkoev@dropbox.com,Non-binary,14.75.28.35
537,Steffie,Footitt,sfootittew@examiner.com,Genderfluid,215.229.15.22
538,Aaron,Adan,aadanex@fc2.com,Male,158.138.232.45
539,Brenna,Al Hirsi,balhirsiey@nydailynews.com,Genderfluid,88.138.163.119
540,Giulietta,Lumbers,glumbersez@squidoo.com,Female,160.202.178.150
541,Gerald,Dreinan,gdreinanf0@feedburner.com,Polygender,5.8.185.48
542,Kiel,Stoffel,kstoffelf1@nifty.com,Non-binary,85.247.67.30
543,Zola,Bownes,zbownesf2@soup.io,Non-binary,16.173.101.80
544,Mechelle,Sulman,msulmanf3@nba.com,Agender,15.166.107.167
545,Rufus,Auckland,raucklandf4@sina.com.cn,Genderqueer,48.124.24.164
546,Emilie,Schubart,eschubartf5@exblog.jp,Agender,191.193.41.213
547,Bria,Toolin,btoolinf6@alexa.com,Genderqueer,156.65.43.18
548,Karlis,Coche,kcochef7@opera.com,Polygender,162.169.47.166
549,Kira,Koppelmann,kkoppelmannf8@abc.net.au,Agender,31.172.184.212
550,Ban,Kelk,bkelkf9@cpanel.net,Male,10.92.165.62
551,Mallory,Muzzlewhite,mmuzzlewhitefa@springer.com,Genderfluid,114.237.47.181
552,Bert,Lancley,blancleyfb@skype.com,Female,99.76.46.85
553,Gabbie,Borkin,gborkinfc@godaddy.com,Agender,145.137.106.132
554,Alexandro,Gridley,agridleyfd@networkadvertising.org,Genderfluid,190.229.98.235
555,Roxine,Parrish,rparrishfe@blogger.com,Non-binary,172.240.86.101
556,Sutherlan,Skegg,sskeggff@alibaba.com,Polygender,155.186.36.48
557,Ferrel,Labrow,flabrowfg@wired.com,Non-binary,120.156.215.146
558,Georas,Wasylkiewicz,gwasylkiewiczfh@businessinsider.com,Agender,141.63.163.49
559,Nettie,Rumford,nrumfordfi@1688.com,Female,241.111.221.129
560,Cobby,McMenamie,cmcmenamiefj@ustream.tv,Bigender,6.28.183.17
561,Deonne,Murch,dmurchfk@bloglines.com,Male,143.61.208.230
562,Myrtia,Parnall,mparnallfl@ihg.com,Genderqueer,208.183.65.124
563,Sorcha,Guidi,sguidifm@ed.gov,Genderfluid,39.11.53.95
564,Uri,Gainsboro,ugainsborofn@biglobe.ne.jp,Genderqueer,51.116.203.49
565,Chuck,Kigelman,ckigelmanfo@wp.com,Male,48.54.147.127
566,Rossie,Resun,rresunfp@tinypic.com,Male,119.138.144.178
567,Hyacintha,Bonafacino,hbonafacinofq@utexas.edu,Polygender,222.117.6.174
568,Ruthie,Trow,rtrowfr@columbia.edu,Bigender,151.215.217.167
569,Xymenes,Lukacs,xlukacsfs@com.com,Genderqueer,190.251.129.238
570,Rhea,Jayume,rjayumeft@paypal.com,Non-binary,119.93.32.246
571,Henri,Yegorkov,hyegorkovfu@umn.edu,Female,46.235.204.217
572,Camilla,Betonia,cbetoniafv@nba.com,Non-binary,116.17.16.14
573,Hakeem,Treffry,htreffryfw@samsung.com,Male,188.80.143.20
574,Jamill,Sutlieff,jsutliefffx@disqus.com,Female,110.28.231.16
575,Brennen,Knoles,bknolesfy@mac.com,Agender,253.82.62.108
576,Jania,Inglese,jinglesefz@nydailynews.com,Agender,221.59.139.227
577,Brynn,Windrum,bwindrumg0@vk.com,Male,90.79.160.3
578,Ilysa,Jeakins,ijeakinsg1@comsenz.com,Genderqueer,196.229.142.73
579,Bernardine,Jestico,bjesticog2@unesco.org,Agender,240.5.231.201
580,Amery,Squirrell,asquirrellg3@engadget.com,Male,44.94.79.203
581,Moishe,Vatini,mvatinig4@icio.us,Polygender,182.123.230.92
582,Shayne,Joinson,sjoinsong5@google.com.hk,Polygender,184.105.190.195
583,Barret,Strutt,bstruttg6@multiply.com,Genderfluid,169.136.76.28
584,Carleen,Tacey,ctaceyg7@fda.gov,Polygender,158.111.143.98
585,Christie,Stockings,cstockingsg8@fda.gov,Female,108.121.125.226
586,Babbette,Santus,bsantusg9@sitemeter.com,Bigender,102.250.21.180
587,Hillard,Cheves,hchevesga@gravatar.com,Genderqueer,208.243.69.101
588,Thomasina,Patrick,tpatrickgb@cnet.com,Non-binary,172.196.63.40
589,Electra,Orehead,eoreheadgc@goodreads.com,Female,100.1.177.10
590,Adriaens,Fall,afallgd@japanpost.jp,Female,204.30.205.173
591,Brendin,Glusby,bglusbyge@ebay.com,Male,212.127.166.240
592,Rosco,Sheran,rsherangf@biglobe.ne.jp,Bigender,231.86.243.119
593,Hilda,Cisco,hciscogg@is.gd,Male,119.59.36.123
594,Kenneth,Cucuzza,kcucuzzagh@ebay.co.uk,Non-binary,158.19.79.47
595,Bambie,Kalb,bkalbgi@nationalgeographic.com,Bigender,32.93.237.9
596,Milty,Petrushkevich,mpetrushkevichgj@washington.edu,Genderqueer,178.175.79.137
597,Cyrus,Korpolak,ckorpolakgk@bbc.co.uk,Female,30.42.88.48
598,Talbot,Kochel,tkochelgl@phpbb.com,Non-binary,44.48.166.178
599,Siobhan,Kolak,skolakgm@issuu.com,Male,247.149.28.12
600,Pedro,Kirsz,pkirszgn@pinterest.com,Male,67.4.99.23
601,Ariadne,Gillford,agillfordgo@goo.ne.jp,Bigender,70.70.46.192
602,Marcelo,Holliar,mholliargp@yahoo.co.jp,Non-binary,61.167.231.32
603,Keri,Pottage,kpottagegq@about.com,Genderfluid,115.4.50.139
604,Caryl,Osmond,cosmondgr@wufoo.com,Bigender,224.61.185.160
605,Alissa,Hail,ahailgs@answers.com,Agender,31.230.78.26
606,Bradford,Abramovitch,babramovitchgt@wikia.com,Female,93.88.159.88
607,Ellerey,Burnard,eburnardgu@chron.com,Agender,11.198.222.191
608,Conn,Jouhandeau,cjouhandeaugv@earthlink.net,Bigender,120.174.61.216
609,Yettie,Robers,yrobersgw@parallels.com,Agender,152.186.207.1
610,Kellie,Cassely,kcasselygx@cmu.edu,Bigender,99.125.110.158
611,Casar,Royle,croylegy@opensource.org,Male,47.63.244.140
612,Duane,Watsham,dwatshamgz@google.com,Bigender,36.7.13.56
613,Merrie,Luckhurst,mluckhursth0@hhs.gov,Polygender,78.139.65.112
614,Nata,Fairfoull,nfairfoullh1@themeforest.net,Male,140.66.126.65
615,Connor,Corran,ccorranh2@jiathis.com,Male,67.23.92.209
616,Ely,Bourchier,ebourchierh3@webnode.com,Genderqueer,36.240.93.93
617,Demetri,Hurton,dhurtonh4@netscape.com,Female,16.215.128.37
618,Cleo,Rawood,crawoodh5@goo.ne.jp,Polygender,32.189.50.76
619,Kirsteni,Dymocke,kdymockeh6@answers.com,Bigender,10.191.9.157
620,Caitrin,Emmer,cemmerh7@hud.gov,Genderfluid,198.112.124.210
621,Maryjane,Foyster,mfoysterh8@merriam-webster.com,Agender,239.25.174.123
622,Jaye,Spolton,jspoltonh9@deliciousdays.com,Female,43.194.163.50
623,Mickie,Elliot,melliotha@yolasite.com,Genderfluid,21.201.92.16
624,Neda,Craigs,ncraigshb@quantcast.com,Genderqueer,229.147.31.202
625,Trip,Durbin,tdurbinhc@myspace.com,Non-binary,252.171.216.211
626,Evvie,Rockwell,erockwellhd@parallels.com,Female,112.74.70.81
627,Wilbur,Sowerby,wsowerbyhe@uiuc.edu,Female,217.107.131.81
628,Irv,Bassil,ibassilhf@businessweek.com,Non-binary,64.95.197.79
629,Dolores,Delf,ddelfhg@bravesites.com,Bigender,115.0.69.218
630,Ginnie,Gindghill,ggindghillhh@hibu.com,Non-binary,180.235.202.158
631,Leslie,Di Maggio,ldimaggiohi@vk.com,Non-binary,205.103.142.152
632,Kaitlynn,Pietruszka,kpietruszkahj@cnet.com,Polygender,144.150.67.1
633,Bond,Davenhill,bdavenhillhk@omniture.com,Bigender,52.162.68.141
634,Hamish,Bront,hbronthl@cbsnews.com,Genderqueer,52.3.4.117
635,Conant,Gillett,cgilletthm@over-blog.com,Genderqueer,11.232.15.253
636,Frannie,Lortzing,flortzinghn@google.com.hk,Polygender,187.106.34.213
637,Nicoline,Bunford,nbunfordho@so-net.ne.jp,Male,244.88.107.89
638,Ginni,Hayes,ghayeshp@nsw.gov.au,Agender,30.243.161.148
639,Judith,Heaven,jheavenhq@flickr.com,Agender,194.64.177.190
640,Keen,McAleese,kmcaleesehr@arizona.edu,Bigender,160.198.164.45
641,Stafani,O'Brogan,sobroganhs@sitemeter.com,Bigender,71.99.197.49
642,Willow,Hardstaff,whardstaffht@weather.com,Polygender,226.248.34.218
643,Electra,Peyto,epeytohu@merriam-webster.com,Non-binary,120.108.211.72
644,Suzanna,Bifield,sbifieldhv@myspace.com,Non-binary,217.141.128.73
645,Andrea,Antoniades,aantoniadeshw@google.com.hk,Bigender,171.216.201.0
646,Tam,Head,theadhx@abc.net.au,Male,211.230.187.22
647,Lilias,Reynalds,lreynaldshy@fotki.com,Polygender,127.1.84.164
648,Bruce,McGregor,bmcgregorhz@google.ru,Genderfluid,151.179.21.245
649,Wren,Levensky,wlevenskyi0@smugmug.com,Genderqueer,171.12.139.239
650,Vina,Scaice,vscaicei1@europa.eu,Genderfluid,138.108.24.144
651,Mikey,Tatlock,mtatlocki2@ustream.tv,Non-binary,10.229.123.184
652,Marylee,Chupin,mchupini3@netscape.com,Male,46.130.99.178
653,Osmund,Asbery,oasberyi4@cbsnews.com,Polygender,203.72.47.99
654,Annamaria,Viollet,aviolleti5@wufoo.com,Genderqueer,25.150.168.112
655,Kennie,Evered,keveredi6@myspace.com,Genderfluid,55.133.122.241
656,Xylina,Edgcumbe,xedgcumbei7@mayoclinic.com,Non-binary,230.195.171.189
657,Roscoe,Wreak,rwreaki8@fastcompany.com,Non-binary,119.117.167.68
658,Andree,Lanyon,alanyoni9@washingtonpost.com,Agender,167.135.57.247
659,Theresina,Woolaghan,twoolaghania@sina.com.cn,Non-binary,210.49.87.180
660,Avigdor,Duell,aduellib@ameblo.jp,Male,235.84.174.13
661,Humfrey,Parradine,hparradineic@sun.com,Male,248.225.156.106
662,Flossie,Shieldon,fshieldonid@chronoengine.com,Genderqueer,147.107.167.36
663,Rob,Bonafacino,rbonafacinoie@forbes.com,Male,184.95.125.193
664,Ella,Eyden,eeydenif@princeton.edu,Polygender,109.168.43.231
665,Shelden,Manach,smanachig@hc360.com,Genderfluid,214.74.126.74
666,Domeniga,McGilvra,dmcgilvraih@dailymotion.com,Polygender,8.116.144.197
667,Jameson,Archer,jarcherii@tamu.edu,Male,225.218.3.91
668,Cleon,Ruddiforth,cruddiforthij@over-blog.com,Polygender,203.152.101.236
669,Missie,Petit,mpetitik@blogger.com,Genderqueer,248.206.84.97
670,Theodoric,Kliemchen,tkliemchenil@discuz.net,Female,83.39.217.87
671,Pierrette,Aggott,paggottim@foxnews.com,Agender,64.151.142.99
672,Doralynne,De Blasi,ddeblasiin@creativecommons.org,Non-binary,46.82.240.244
673,Jourdain,Twitching,jtwitchingio@networkadvertising.org,Female,137.187.88.195
674,Melodie,Stolberger,mstolbergerip@cam.ac.uk,Genderqueer,210.62.5.164
675,Miof mela,Kerwick,mkerwickiq@hc360.com,Male,233.101.149.64
676,Daphna,Proger,dprogerir@telegraph.co.uk,Polygender,11.171.248.193
677,Hamid,Bailess,hbailessis@printfriendly.com,Agender,159.231.121.179
678,Aguistin,Wiggin,awigginit@technorati.com,Genderfluid,237.11.143.193
679,Blane,Cearley,bcearleyiu@epa.gov,Polygender,243.195.198.44
680,Zaccaria,Peplow,zpeplowiv@xinhuanet.com,Polygender,184.213.231.235
681,Andi,Awcock,aawcockiw@usda.gov,Female,31.137.37.154
682,Domini,Durkin,ddurkinix@wufoo.com,Male,112.255.71.197
683,Desdemona,Kays,dkaysiy@bandcamp.com,Male,23.246.135.225
684,Clarice,Gueste,cguesteiz@cbc.ca,Male,228.12.140.142
685,Latisha,McEntee,lmcenteej0@ucla.edu,Agender,208.34.42.174
686,Querida,Hasslocher,qhasslocherj1@state.tx.us,Genderqueer,215.141.110.51
687,Nerti,Dailly,ndaillyj2@google.es,Male,186.14.128.125
688,Yanaton,Yankishin,yyankishinj3@jalbum.net,Non-binary,193.164.240.4
689,Esmeralda,Oxtoby,eoxtobyj4@alibaba.com,Non-binary,217.91.149.203
690,Reyna,MacMickan,rmacmickanj5@bravesites.com,Non-binary,189.160.236.89
691,Nataniel,De Bellis,ndebellisj6@parallels.com,Female,84.217.188.183
692,Dorelia,Coalbran,dcoalbranj7@dailymotion.com,Male,101.63.41.142
693,Aldus,Brendel,abrendelj8@deliciousdays.com,Male,20.72.158.127
694,Moshe,Paydon,mpaydonj9@independent.co.uk,Bigender,211.12.91.52
695,Laure,Howison,lhowisonja@tmall.com,Non-binary,113.244.177.62
696,Johnathan,Searby,jsearbyjb@umn.edu,Male,159.194.126.62
697,Marian,Dunthorn,mdunthornjc@goodreads.com,Genderqueer,158.78.8.57
698,Lin,Middleton,lmiddletonjd@icio.us,Polygender,0.174.138.156
699,Nicholle,Burtonshaw,nburtonshawje@hc360.com,Genderfluid,113.244.8.227
700,Mariette,Handrik,mhandrikjf@salon.com,Genderfluid,34.178.62.41
701,Rosana,Blackah,rblackahjg@merriam-webster.com,Genderqueer,228.155.107.142
702,Corine,Swires,cswiresjh@tripadvisor.com,Bigender,195.110.159.182
703,Eyde,Clowney,eclowneyji@mysql.com,Non-binary,61.251.167.167
704,Meg,Adcock,madcockjj@symantec.com,Agender,19.183.244.167
705,Annadiana,Silcock,asilcockjk@uiuc.edu,Bigender,128.232.138.15
706,Sela,Duffy,sduffyjl@cargocollective.com,Female,13.64.181.192
707,Porter,Calow,pcalowjm@howstuffworks.com,Non-binary,35.254.39.32
708,Arleen,Bessell,abesselljn@marriott.com,Male,101.219.159.152
709,Chloris,Hinckes,chinckesjo@ted.com,Genderfluid,238.113.92.72
710,Brigg,Barling,bbarlingjp@i2i.jp,Polygender,174.73.250.176
711,Kiri,Armitt,karmittjq@prweb.com,Genderfluid,145.220.151.215
712,Grethel,Seery,gseeryjr@soup.io,Non-binary,116.229.32.70
713,Curcio,Rosedale,crosedalejs@nbcnews.com,Bigender,104.156.15.182
714,Latia,Lennon,llennonjt@shop-pro.jp,Male,62.190.133.245
715,Kim,Romao,kromaoju@behance.net,Bigender,86.81.217.127
716,Tom,McClifferty,tmccliffertyjv@printfriendly.com,Genderqueer,92.116.204.221
717,Clyve,Poundesford,cpoundesfordjw@go.com,Female,193.197.131.89
718,Fernanda,Motto,fmottojx@virginia.edu,Female,200.59.124.250
719,Selma,Drains,sdrainsjy@businessweek.com,Female,253.239.239.102
720,Levi,Suller,lsullerjz@vinaora.com,Male,145.175.108.208
721,Madison,Paschek,mpaschekk0@odnoklassniki.ru,Non-binary,216.60.235.210
722,Garrard,Bampforth,gbampforthk1@over-blog.com,Female,189.145.147.203
723,Willdon,Crossman,wcrossmank2@cloudflare.com,Non-binary,35.76.37.47
724,Tomas,Walasik,twalasikk3@dion.ne.jp,Genderqueer,22.181.235.30
725,Minny,Pring,mpringk4@rambler.ru,Genderfluid,242.239.137.200
726,Vasili,Dorn,vdornk5@newyorker.com,Male,69.211.212.251
727,Lina,Vannoni,lvannonik6@is.gd,Agender,122.171.209.190
728,Giavani,Rapper,grapperk7@google.ca,Agender,215.234.234.66
729,Kenna,MacKellen,kmackellenk8@wiley.com,Female,73.231.127.79
730,Barbi,Antoniazzi,bantoniazzik9@vinaora.com,Polygender,115.204.183.155
731,Ruth,Scuffham,rscuffhamka@yolasite.com,Female,158.18.127.126
732,Emelina,Webburn,ewebburnkb@usda.gov,Genderfluid,79.34.171.188
733,Brennen,Fransinelli,bfransinellikc@bing.com,Bigender,184.51.76.126
734,Clarita,D' Angelo,cdangelokd@flavors.me,Female,227.71.200.68
735,Isadora,Elsy,ielsyke@ebay.co.uk,Genderfluid,90.55.65.95
736,Sissie,Haymes,shaymeskf@theguardian.com,Male,16.4.57.186
737,Rafi,Noble,rnoblekg@answers.com,Bigender,22.228.81.95
738,Veronike,Simak,vsimakkh@youtu.be,Polygender,8.92.20.63
739,Franky,Anscott,fanscottki@discuz.net,Female,178.241.103.16
740,Fayina,Dionis,fdioniskj@intel.com,Agender,51.177.85.164
741,Clevie,Longega,clongegakk@bbc.co.uk,Genderqueer,181.200.140.241
742,Barbara,Konrad,bkonradkl@github.com,Bigender,207.44.66.101
743,Nick,Girth,ngirthkm@amazon.de,Agender,43.90.235.242
744,Loria,Bridell,lbridellkn@oracle.com,Non-binary,12.223.183.118
745,Bobby,Pressland,bpresslandko@xinhuanet.com,Male,231.92.167.224
746,Dmitri,Swatland,dswatlandkp@g.co,Non-binary,208.162.196.15
747,Boyd,Rubenov,brubenovkq@storify.com,Genderfluid,204.127.9.37
748,Fernande,Priest,fpriestkr@rakuten.co.jp,Genderqueer,223.147.209.111
749,Bentlee,Pothergill,bpothergillks@yandex.ru,Genderfluid,172.230.42.67
750,Pennie,Mabson,pmabsonkt@about.me,Bigender,39.223.228.216
751,Barbi,Nawton,bnawtonku@imageshack.us,Genderfluid,195.237.239.122
752,Rudiger,Balderston,rbalderstonkv@discovery.com,Agender,110.194.33.88
753,Adrien,Raffeorty,araffeortykw@hexun.com,Genderqueer,237.62.205.86
754,Lisetta,Andriveau,landriveaukx@skyrock.com,Non-binary,69.122.59.230
755,Miranda,Slamaker,mslamakerky@icq.com,Genderfluid,78.158.6.195
756,Pet,Sheehan,psheehankz@merriam-webster.com,Polygender,176.172.56.16
757,Carena,Hedlestone,chedlestonel0@seesaa.net,Genderqueer,98.111.139.144
758,Carr,Desseine,cdesseinel1@auda.org.au,Agender,216.94.245.208
759,Leeann,Bursnall,lbursnalll2@vinaora.com,Non-binary,245.168.54.20
760,Elfrieda,Brockton,ebrocktonl3@wufoo.com,Genderfluid,166.211.146.11
761,Kahlil,Leidl,kleidll4@slideshare.net,Non-binary,142.43.209.228
762,Chaddy,Croll,ccrolll5@amazon.com,Agender,255.210.151.73
763,Greggory,Abdie,gabdiel6@dyndns.org,Non-binary,21.236.100.230
764,Jill,Deverall,jdeveralll7@soundcloud.com,Male,152.248.101.171
765,Luce,Powley,lpowleyl8@businessinsider.com,Male,17.212.55.8
766,Fernando,Linfitt,flinfittl9@berkeley.edu,Agender,182.197.182.157
767,Alison,Henrys,ahenrysla@mozilla.org,Genderqueer,210.31.190.151
768,Katya,Bohey,kboheylb@marriott.com,Female,200.53.149.218
769,Olivette,Ohlsen,oohlsenlc@noaa.gov,Polygender,183.173.226.152
770,Malvina,Thorpe,mthorpeld@senate.gov,Male,118.253.100.193
771,Amory,Scargle,ascarglele@kickstarter.com,Genderfluid,22.90.255.221
772,Adrienne,Hegg,ahegglf@imdb.com,Bigender,107.208.160.235
773,Ervin,Corsor,ecorsorlg@360.cn,Bigender,161.14.146.221
774,Muhammad,Minchella,mminchellalh@bloomberg.com,Genderqueer,245.112.134.4
775,Rustin,Ingilson,ringilsonli@newyorker.com,Non-binary,73.35.199.84
776,Harry,Dannohl,hdannohllj@intel.com,Polygender,66.131.220.79
777,Lurette,Miskimmon,lmiskimmonlk@apple.com,Genderfluid,164.225.127.227
778,Stevana,Heisman,sheismanll@mtv.com,Male,186.121.85.223
779,Lothario,Hammond,lhammondlm@uiuc.edu,Non-binary,159.66.63.77
780,Bryn,Blockey,bblockeyln@salon.com,Genderqueer,233.243.233.139
781,Burl,Moehle,bmoehlelo@examiner.com,Agender,15.252.231.44
782,Quincy,Lomis,qlomislp@hubpages.com,Polygender,54.110.36.18
783,Wally,Gethouse,wgethouselq@arstechnica.com,Genderqueer,31.197.160.138
784,Thebault,Pauleit,tpauleitlr@1und1.de,Polygender,255.162.27.236
785,Kenna,Birth,kbirthls@usgs.gov,Agender,118.55.48.235
786,Donnie,Sterndale,dsterndalelt@tuttocitta.it,Bigender,221.48.188.220
787,Benson,Mapston,bmapstonlu@biglobe.ne.jp,Polygender,251.18.55.210
788,Nissie,Ruckledge,nruckledgelv@soundcloud.com,Agender,111.97.30.142
789,Gorden,Purshouse,gpurshouselw@51.la,Agender,124.105.8.184
790,Antoine,Miller,amillerlx@plala.or.jp,Polygender,187.200.116.201
791,Cathie,Phillins,cphillinsly@uiuc.edu,Genderfluid,115.17.140.176
792,Kial,Puddifer,kpuddiferlz@census.gov,Genderqueer,107.25.29.75
793,Brett,Sidebotham,bsidebothamm0@i2i.jp,Genderfluid,191.206.189.30
794,Arel,Devanney,adevanneym1@tripadvisor.com,Agender,224.112.235.167
795,Franky,Tunnoch,ftunnochm2@loc.gov,Agender,222.158.69.255
796,Theressa,Blazek,tblazekm3@merriam-webster.com,Male,72.126.221.244
797,Correy,Caplen,ccaplenm4@admin.ch,Bigender,201.203.243.136
798,Lars,Ronchetti,lronchettim5@wired.com,Bigender,99.209.234.185
799,Koo,Wooddisse,kwooddissem6@home.pl,Non-binary,24.173.61.110
800,Tam,McCaughey,tmccaugheym7@aol.com,Agender,166.26.212.249
801,Kamillah,Merrell,kmerrellm8@usgs.gov,Genderqueer,247.175.151.164
802,Claudianus,Lazare,clazarem9@nbcnews.com,Female,76.19.100.40
803,Mabel,Alibone,malibonema@techcrunch.com,Bigender,200.58.216.231
804,Jasmina,Blaker,jblakermb@ehow.com,Genderfluid,96.224.229.33
805,Westbrooke,Raithby,wraithbymc@yale.edu,Genderqueer,110.128.65.143
806,Mead,Loughead,mlougheadmd@dion.ne.jp,Female,32.15.233.65
807,Kissie,Whelband,kwhelbandme@about.me,Male,10.5.131.35
808,Farley,Have,fhavemf@paginegialle.it,Male,4.181.175.21
809,Karia,Bonelle,kbonellemg@bloglovin.com,Bigender,31.200.255.194
810,Reggis,Gratton,rgrattonmh@amazon.de,Bigender,30.50.71.229
811,Vannie,Coucher,vcouchermi@php.net,Male,40.40.209.107
812,Roderigo,Paliser,rpalisermj@census.gov,Genderfluid,57.139.84.131
813,Saidee,Grassett,sgrassettmk@cam.ac.uk,Bigender,123.37.109.245
814,Hubie,Pyford,hpyfordml@unesco.org,Bigender,47.11.241.202
815,Biron,De Ruggiero,bderuggieromm@washington.edu,Agender,205.108.27.87
816,Ase,Veazey,aveazeymn@taobao.com,Bigender,190.178.11.129
817,Torey,Allsepp,tallseppmo@etsy.com,Male,52.156.28.124
818,Ivie,De la Zenne,idelazennemp@mit.edu,Male,63.38.67.220
819,Derby,Orpen,dorpenmq@nasa.gov,Non-binary,128.30.127.190
820,Barbi,Jopson,bjopsonmr@free.fr,Genderqueer,10.87.57.104
821,Keenan,Robers,krobersms@artisteer.com,Genderfluid,73.92.147.27
822,Cary,Tipperton,ctippertonmt@livejournal.com,Non-binary,135.143.200.186
823,Casper,Twentyman,ctwentymanmu@wiley.com,Agender,87.186.200.180
824,Clare,Best,cbestmv@canalblog.com,Non-binary,192.88.223.56
825,Evvie,Wilfling,ewilflingmw@thetimes.co.uk,Non-binary,93.199.4.189
826,Smitty,Yewdale,syewdalemx@sphinn.com,Genderqueer,26.230.168.80
827,Emeline,Pacquet,epacquetmy@ucla.edu,Bigender,130.179.209.172
828,Avigdor,Piechnik,apiechnikmz@buzzfeed.com,Female,145.65.168.51
829,Bary,Mark,bmarkn0@hhs.gov,Genderfluid,186.78.104.70
830,Cedric,Pudge,cpudgen1@nymag.com,Bigender,71.162.238.92
831,Modesty,Collingdon,mcollingdonn2@tinypic.com,Female,14.134.80.78
832,Lynn,Rollason,lrollasonn3@i2i.jp,Non-binary,88.28.50.204
833,Lou,Alten,laltenn4@symantec.com,Female,127.227.159.45
834,Tony,Morcom,tmorcomn5@yolasite.com,Genderfluid,110.194.246.196
835,Fianna,Lenahan,flenahann6@moonfruit.com,Male,30.1.4.75
836,Molly,Bemrose,mbemrosen7@upenn.edu,Genderfluid,89.100.240.234
837,Nonah,Ruter,nrutern8@imageshack.us,Genderfluid,126.136.25.241
838,Zitella,Navein,znaveinn9@amazon.com,Female,56.43.243.164
839,Theressa,Lumly,tlumlyna@last.fm,Bigender,144.19.85.228
840,Freddy,Splaven,fsplavennb@clickbank.net,Male,171.213.132.13
841,Ingrim,Dowsey,idowseync@house.gov,Bigender,183.30.137.117
842,Guglielmo,Flemmich,gflemmichnd@devhub.com,Polygender,139.17.149.184
843,Silva,Lauridsen,slauridsenne@dmoz.org,Genderfluid,62.26.79.118
844,Claudetta,Harrismith,charrismithnf@biblegateway.com,Genderfluid,214.120.139.247
845,Erskine,O'Toole,eotooleng@nyu.edu,Bigender,63.179.168.159
846,Bonnibelle,McKain,bmckainnh@noaa.gov,Female,153.30.177.0
847,Warren,Buesnel,wbuesnelni@tamu.edu,Male,225.186.38.174
848,Chaunce,Dampier,cdampiernj@g.co,Female,186.91.98.140
849,Margalo,Gaudon,mgaudonnk@yellowbook.com,Agender,5.87.101.223
850,Brit,Crosthwaite,bcrosthwaitenl@hc360.com,Genderfluid,238.249.78.234
851,Basile,Folli,bfollinm@yahoo.co.jp,Polygender,127.167.250.201
852,Prudi,Sauvan,psauvannn@who.int,Female,196.110.225.79
853,Fawn,Bolliver,fbolliverno@com.com,Genderqueer,238.53.239.161
854,Gannon,Sirrell,gsirrellnp@theatlantic.com,Genderqueer,101.120.167.133
855,Antonina,Carcass,acarcassnq@oracle.com,Non-binary,172.177.79.149
856,Estrella,Ardy,eardynr@auda.org.au,Bigender,236.15.253.226
857,Meg,Geaves,mgeavesns@berkeley.edu,Polygender,156.120.231.124
858,Kailey,Risborough,krisboroughnt@un.org,Genderqueer,138.49.0.163
859,Ardisj,Clyburn,aclyburnnu@engadget.com,Bigender,240.182.172.116
860,Vivian,MacLure,vmaclurenv@rambler.ru,Male,163.1.57.51
861,Giustina,Pingstone,gpingstonenw@pinterest.com,Bigender,202.174.30.240
862,Birk,Dowbakin,bdowbakinnx@dmoz.org,Male,39.48.80.59
863,Greer,Dublin,gdublinny@technorati.com,Non-binary,155.218.107.8
864,Aaren,Kynoch,akynochnz@upenn.edu,Male,119.90.254.33
865,Skip,Derdes,sderdeso0@mozilla.com,Genderfluid,148.95.96.92
866,Axel,Flemming,aflemmingo1@tumblr.com,Female,203.70.112.165
867,Rheba,Windram,rwindramo2@narod.ru,Genderfluid,223.67.65.114
868,Ray,Cornill,rcornillo3@ebay.com,Male,120.121.171.119
869,Guinna,Prestney,gprestneyo4@geocities.com,Bigender,132.39.68.111
870,Binny,Klimentyonok,bklimentyonoko5@bizjournals.com,Genderfluid,122.210.142.183
871,Maurice,Darko,mdarkoo6@toplist.cz,Bigender,28.20.86.199
872,Florie,Enefer,fenefero7@senate.gov,Agender,185.197.153.1
873,Carry,Normanvill,cnormanvillo8@opera.com,Bigender,61.162.66.126
874,Tiphanie,Rallin,trallino9@livejournal.com,Male,255.219.92.55
875,Preston,McRobbie,pmcrobbieoa@redcross.org,Male,66.219.243.134
876,Taite,Pozzi,tpozziob@xing.com,Genderfluid,137.237.111.81
877,Alidia,Kemmons,akemmonsoc@abc.net.au,Polygender,118.182.55.75
878,Cami,Instone,cinstoneod@nydailynews.com,Genderqueer,166.213.62.157
879,Lisha,Diboll,ldibolloe@1und1.de,Genderqueer,147.236.123.58
880,Raddie,Duro,rduroof@ed.gov,Non-binary,137.226.241.141
881,Gian,Kleimt,gkleimtog@istockphoto.com,Genderqueer,218.120.67.235
882,Mohandas,Kelsow,mkelsowoh@google.pl,Genderfluid,168.192.179.252
883,Adeline,Arnason,aarnasonoi@webmd.com,Polygender,250.53.158.111
884,Paxon,Lumsden,plumsdenoj@answers.com,Female,50.19.112.155
885,Alicia,Torregiani,atorregianiok@google.ru,Genderfluid,230.189.240.240
886,Thomas,Levine,tlevineol@sogou.com,Agender,11.136.94.106
887,Ring,Kayne,rkayneom@bloomberg.com,Polygender,133.202.205.238
888,Jasmine,Sweeny,jsweenyon@spotify.com,Female,47.87.242.103
889,Quintana,Lubeck,qlubeckoo@vk.com,Male,174.38.136.147
890,Britni,Alder,balderop@flickr.com,Polygender,50.134.233.3
891,Allina,Lugg,aluggoq@illinois.edu,Genderfluid,250.84.126.190
892,Sasha,Keddey,skeddeyor@pagesperso-orange.fr,Non-binary,101.105.201.71
893,Julieta,Strettell,jstrettellos@webmd.com,Agender,158.218.116.87
894,Mathian,Dougliss,mdouglissot@fastcompany.com,Agender,18.210.59.89
895,Lelia,Cosgrave,lcosgraveou@blogs.com,Bigender,25.95.55.53
896,Rosemaria,Girdlestone,rgirdlestoneov@blogspot.com,Bigender,204.246.29.11
897,Cristionna,Fitzsimmons,cfitzsimmonsow@google.de,Genderfluid,1.90.191.91
898,Mariam,Elnough,melnoughox@technorati.com,Genderfluid,161.169.137.222
899,Benedetto,Fierman,bfiermanoy@ustream.tv,Male,84.19.190.75
900,Tobias,Spencley,tspencleyoz@gnu.org,Polygender,53.224.226.197
901,Tomlin,Wickling,twicklingp0@wiley.com,Agender,181.40.97.36
902,Ricard,Dumbellow,rdumbellowp1@livejournal.com,Female,210.252.125.64
903,Scot,Wimpey,swimpeyp2@yellowpages.com,Non-binary,104.48.177.147
904,Rosette,Moriarty,rmoriartyp3@house.gov,Male,44.178.87.141
905,Jess,Phillpotts,jphillpottsp4@sitemeter.com,Polygender,91.17.87.89
906,Barnabas,Caldecourt,bcaldecourtp5@behance.net,Agender,171.44.78.196
907,Ethe,Fley,efleyp6@harvard.edu,Genderfluid,68.30.177.55
908,Katy,Bowmaker,kbowmakerp7@eepurl.com,Bigender,186.47.24.140
909,Judon,Tippin,jtippinp8@cargocollective.com,Female,204.87.97.182
910,Berget,Demanche,bdemanchep9@amazon.com,Polygender,178.94.239.146
911,Heda,Kall,hkallpa@so-net.ne.jp,Genderfluid,235.20.43.19
912,Michail,Quiney,mquineypb@google.nl,Non-binary,177.249.105.136
913,Clare,Bartosiak,cbartosiakpc@ebay.com,Male,183.55.184.208
914,Henri,Bushnell,hbushnellpd@oaic.gov.au,Genderfluid,127.94.55.53
915,Kyle,Kean,kkeanpe@webs.com,Agender,217.138.212.165
916,Fransisco,Lavall,flavallpf@dailymail.co.uk,Bigender,6.162.0.175
917,Owen,Gould,ogouldpg@over-blog.com,Non-binary,59.55.209.124
918,Gwenore,Aris,garisph@ucoz.com,Non-binary,46.255.181.149
919,Agretha,Moppett,amoppettpi@salon.com,Male,152.90.69.139
920,Nellie,Hazeltine,nhazeltinepj@webmd.com,Genderqueer,172.29.147.178
921,Hadley,Praill,hpraillpk@cafepress.com,Bigender,17.148.77.99
922,Silvana,Dinley,sdinleypl@timesonline.co.uk,Polygender,116.76.15.109
923,Pamella,Cayette,pcayettepm@indiegogo.com,Non-binary,114.129.34.30
924,Annabelle,Toe,atoepn@google.com.br,Agender,175.255.8.71
925,Ardelle,Ireson,airesonpo@vinaora.com,Polygender,179.116.246.191
926,Stevana,Cristofanini,scristofaninipp@sitemeter.com,Polygender,233.94.199.20
927,Ely,Kinrade,ekinradepq@trellian.com,Bigender,114.77.85.65
928,Shannah,Luther,slutherpr@mozilla.org,Female,161.74.53.114
929,Norbie,Hibling,nhiblingps@bbb.org,Genderfluid,91.211.240.183
930,Lesya,Hovel,lhovelpt@ebay.co.uk,Polygender,176.158.227.34
931,Ciel,Colles,ccollespu@ifeng.com,Male,40.154.237.210
932,Thea,Rheubottom,trheubottompv@cbc.ca,Bigender,188.233.140.216
933,Mariele,Lidbetter,mlidbetterpw@github.com,Non-binary,38.156.146.227
934,Tyne,Dearnley,tdearnleypx@gravatar.com,Female,149.138.234.41
935,Lanny,Jilliss,ljillisspy@noaa.gov,Bigender,232.34.223.25
936,Scot,Glaisner,sglaisnerpz@mlb.com,Genderfluid,247.222.29.181
937,Fernandina,Cragoe,fcragoeq0@cpanel.net,Genderfluid,210.160.110.164
938,Yuri,Willshear,ywillshearq1@histats.com,Male,77.34.44.16
939,Marcelle,Elvey,melveyq2@wp.com,Polygender,130.36.121.124
940,Lucina,Aynscombe,laynscombeq3@digg.com,Male,173.245.138.211
941,Tatiania,Boldra,tboldraq4@flavors.me,Bigender,126.159.102.124
942,Pepito,Peddowe,ppeddoweq5@columbia.edu,Bigender,218.29.39.93
943,Gwennie,Oldham,goldhamq6@typepad.com,Genderqueer,0.154.1.40
944,Carlin,Tiffney,ctiffneyq7@vk.com,Polygender,187.172.103.105
945,Horst,Filipputti,hfilipputtiq8@miitbeian.gov.cn,Agender,93.172.233.203
946,Melba,Straughan,mstraughanq9@pbs.org,Non-binary,96.169.97.140
947,Parrnell,Arboin,parboinqa@archive.org,Genderfluid,59.202.83.116
948,Clair,Le Jean,clejeanqb@xinhuanet.com,Female,93.109.207.185
949,Nelia,Ogelbe,nogelbeqc@economist.com,Genderqueer,194.219.105.99
950,Margareta,Vequaud,mvequaudqd@ask.com,Genderfluid,236.132.234.39
951,Ruthi,Adamowitz,radamowitzqe@google.com.br,Non-binary,1.13.178.93
952,Artur,Schiersch,aschierschqf@sitemeter.com,Bigender,200.14.166.72
953,Raoul,Arnason,rarnasonqg@newyorker.com,Female,12.97.79.34
954,Winnie,Stearley,wstearleyqh@whitehouse.gov,Agender,79.182.171.80
955,Rodina,Holdey,rholdeyqi@noaa.gov,Female,58.126.141.52
956,Malinde,Kivell,mkivellqj@fotki.com,Bigender,139.112.26.211
957,Katherina,Pinor,kpinorqk@google.com.br,Bigender,89.112.178.98
958,Kristal,Meadows,kmeadowsql@pen.io,Bigender,222.139.21.186
959,Melloney,Riehm,mriehmqm@timesonline.co.uk,Polygender,216.130.166.218
960,Petronia,Weiss,pweissqn@soundcloud.com,Genderqueer,116.152.134.139
961,Charlena,Innerstone,cinnerstoneqo@flickr.com,Genderfluid,55.122.168.194
962,Vivienne,Rake,vrakeqp@dropbox.com,Non-binary,60.123.106.17
963,Jaquenette,Lutwyche,jlutwycheqq@amazon.co.uk,Agender,119.29.21.57
964,Minetta,Bickell,mbickellqr@cocolog-nifty.com,Female,134.80.13.45
965,Aubry,Saura,asauraqs@census.gov,Agender,108.164.68.103
966,Corinne,Watton,cwattonqt@usnews.com,Female,89.62.96.67
967,Sheena,Jeratt,sjerattqu@cargocollective.com,Female,181.121.63.221
968,Bryn,Larratt,blarrattqv@rediff.com,Bigender,154.91.221.112
969,Carolyne,Paulucci,cpaulucciqw@oaic.gov.au,Agender,145.232.225.156
970,Tiff,Beckinsall,tbeckinsallqx@plala.or.jp,Agender,71.51.38.126
971,Vally,Tett,vtettqy@woothemes.com,Agender,46.195.134.49
972,Tessy,Sansam,tsansamqz@squidoo.com,Bigender,132.201.238.65
973,Olympe,Jolly,ojollyr0@diigo.com,Genderfluid,212.145.169.40
974,Willi,Toop,wtoopr1@cbsnews.com,Female,208.191.7.170
975,Johnnie,Ratke,jratker2@wiley.com,Polygender,225.231.248.87
976,Rosana,Matura,rmaturar3@twitpic.com,Non-binary,217.73.63.229
977,Ardisj,Hackelton,ahackeltonr4@tamu.edu,Agender,203.208.65.138
978,Chryste,Crab,ccrabr5@discuz.net,Female,254.77.198.203
979,Patty,Gainseford,pgainsefordr6@yandex.ru,Agender,205.243.39.244
980,Malva,Setterthwait,msetterthwaitr7@youku.com,Genderqueer,198.195.175.98
981,Hasheem,Blown,hblownr8@free.fr,Non-binary,245.6.36.172
982,Jeannette,Londesborough,jlondesboroughr9@4shared.com,Agender,116.103.143.116
983,Emmery,Duling,edulingra@about.me,Male,185.22.154.234
984,Keven,Salandino,ksalandinorb@tiny.cc,Female,78.68.48.162
985,Terencio,Newgrosh,tnewgroshrc@51.la,Male,130.246.244.66
986,Reena,Dermott,rdermottrd@eventbrite.com,Polygender,220.114.159.79
987,Shell,Collop,scollopre@alexa.com,Polygender,17.245.103.214
988,Hercule,Bentote,hbentoterf@plala.or.jp,Polygender,239.173.130.71
989,Fee,Caldera,fcalderarg@facebook.com,Polygender,111.11.218.36
990,Teodoor,Blanking,tblankingrh@ox.ac.uk,Non-binary,16.165.9.153
991,Bernete,Mounsie,bmounsieri@github.io,Non-binary,188.54.33.153
992,Teri,Colliford,tcollifordrj@dailymotion.com,Male,99.27.194.40
993,Benedicto,Purkess,bpurkessrk@cmu.edu,Non-binary,132.49.48.29
994,Mendy,De Michele,mdemichelerl@photobucket.com,Genderqueer,215.56.76.217
995,Austine,Barfield,abarfieldrm@cdbaby.com,Genderfluid,141.108.93.26
996,Tommi,Meiner,tmeinerrn@businessinsider.com,Agender,144.249.158.107
997,Roberta,Ruscoe,rruscoero@histats.com,Agender,134.193.251.80
998,Reilly,Mc Mechan,rmcmechanrp@answers.com,Polygender,252.227.242.157
999,Guilbert,Vesque,gvesquerq@meetup.com,Agender,212.81.96.146
1000,Yvette,Killiner,ykillinerrr@mapy.cz,Female,219.144.17.213
